name,id,popularity,image,embded
Julia Holter,0bsV0sUjnCuCTYOnNHQl3E,37,https://images.genius.com/922a70bed33cffd486c9cd0fc4e4b376.770x433x1.jpg,https://open.spotify.com/embed/artist/0bsV0sUjnCuCTYOnNHQl3E?utm_source=generator&theme=0
Cassandra Jenkins,1WVGbBnzZ5WLZ2PfesIHik,34,https://images.genius.com/2449d77d3edb416e6959183df80aedd7.1000x1000x1.jpg,https://open.spotify.com/embed/artist/1WVGbBnzZ5WLZ2PfesIHik?utm_source=generator&theme=0
Kate Bollinger,4eArh1v6UwBbKkjdgHCned,56,https://images.genius.com/8fc81e67658539c2fca4a1be47d88f71.338x338x1.png,https://open.spotify.com/embed/artist/4eArh1v6UwBbKkjdgHCned?utm_source=generator&theme=0
Alex Lahey,5kdYrM3h2sB1Eid5tDf6Hk,42,https://images.genius.com/067746a7e4548e9ec8398a14fd02a9fe.400x400x1.png,https://open.spotify.com/embed/artist/5kdYrM3h2sB1Eid5tDf6Hk?utm_source=generator&theme=0
Black Belt Eagle Scout,1CUUXdvZE6UzwQyBUm5YVD,38,https://images.genius.com/27e4c9231ab19036e1e3cc7f1a3082cc.556x556x1.jpg,https://open.spotify.com/embed/artist/1CUUXdvZE6UzwQyBUm5YVD?utm_source=generator&theme=0
Sody,01y8iBZYk8aeNfPsuTVrAt,57,https://images.genius.com/8916b697c9f5100fb51a3754990dd60e.400x400x1.jpg,https://open.spotify.com/embed/artist/01y8iBZYk8aeNfPsuTVrAt?utm_source=generator&theme=0
Hazel English,1nEGjL7aMVdNQzsfQPKdGr,49,https://images.genius.com/83c805ec71a93fd61283b61822365835.460x460x1.jpg,https://open.spotify.com/embed/artist/1nEGjL7aMVdNQzsfQPKdGr?utm_source=generator&theme=0
beabadoobee,35l9BRT7MXmM8bv2WDQiyB,78,https://images.genius.com/8d735c26481a71a65cb3605ee693a081.640x640x1.jpg,https://open.spotify.com/embed/artist/35l9BRT7MXmM8bv2WDQiyB?utm_source=generator&theme=0
Alice Phoebe Lou,03uMw43UVu9MsQCcHVSGjX,59,https://images.genius.com/7b7f698704fcdc6fa6e054829e4bb0fb.720x720x1.png,https://open.spotify.com/embed/artist/03uMw43UVu9MsQCcHVSGjX?utm_source=generator&theme=0
Indigo De Souza,3ir2pF2mkiEWqyPenKTh5e,56,https://images.genius.com/d07215467e2960065f991336b41b0390.433x433x1.jpg,https://open.spotify.com/embed/artist/3ir2pF2mkiEWqyPenKTh5e?utm_source=generator&theme=0
Ada Lea,3sE8O47mEFWR6pL0rwnAHy,32,https://images.genius.com/d05968946cebb3abd538ce1476bb49df.1000x1000x1.jpg,https://open.spotify.com/embed/artist/3sE8O47mEFWR6pL0rwnAHy?utm_source=generator&theme=0
Kississippi,6t0a2t1BXxTQvAkxReClPm,42,https://images.genius.com/da7cfbc07c84f5632e48c05711a92b90.800x800x1.jpg,https://open.spotify.com/embed/artist/6t0a2t1BXxTQvAkxReClPm?utm_source=generator&theme=0
MUNA,6xdRb2GypJ7DqnWAI2mHGn,61,https://images.genius.com/a06ba9e225d27ee6ce3e781d07739363.1000x1000x1.jpg,https://open.spotify.com/embed/artist/6xdRb2GypJ7DqnWAI2mHGn?utm_source=generator&theme=0
Esmé Patterson,1PoFNQQDFXvOYm6Dx8coAa,32,https://images.genius.com/c9922a07a6a042901b112e7668b8ba7a.1000x1000x1.jpg,https://open.spotify.com/embed/artist/1PoFNQQDFXvOYm6Dx8coAa?utm_source=generator&theme=0
P.S. Eliot,5OPhZptrztOU4W75eMEPiX,24,https://images.genius.com/ea7aab6427b492a152965152e5c0d3bb.470x470x1.jpg,https://open.spotify.com/embed/artist/5OPhZptrztOU4W75eMEPiX?utm_source=generator&theme=0
Reneé Rapp,2hUYKu1x0UZQXvzCmggvSn,68,https://images.genius.com/fe0db32cbea85386a10c890c470b8f76.694x694x1.png,https://open.spotify.com/embed/artist/2hUYKu1x0UZQXvzCmggvSn?utm_source=generator&theme=0
Vagabon,17mwzDXKn4ra9cuxXaptwp,40,https://images.genius.com/044be7737e2bbd7401edea9a4cdb606d.617x617x1.jpg,https://open.spotify.com/embed/artist/17mwzDXKn4ra9cuxXaptwp?utm_source=generator&theme=0
Beach Bunny,2vnB6tuQMaQpORiRdvXF9H,70,https://images.genius.com/e8be1d7ae2f9fd6c6f954a46850ee3e1.640x640x1.jpg,https://open.spotify.com/embed/artist/2vnB6tuQMaQpORiRdvXF9H?utm_source=generator&theme=0
Doechii,4E2rKHVDssGJm2SCDOMMJB,64,https://images.genius.com/48c762bfd7ca60bf09d692b8829b1638.480x480x1.jpg,https://open.spotify.com/embed/artist/4E2rKHVDssGJm2SCDOMMJB?utm_source=generator&theme=0
Samia,1Uk1GyijF6fSfX4mWq5bfR,56,https://s3.amazonaws.com/filepicker-images-rapgenius/ggel27ewadp,https://open.spotify.com/embed/artist/1Uk1GyijF6fSfX4mWq5bfR?utm_source=generator&theme=0
Grace Gaustad,1F2JeQG9fLoC6flF1QTnxS,45,https://images.genius.com/58ef9e2c390903bf686ab80a7645269b.400x400x1.jpg,https://open.spotify.com/embed/artist/1F2JeQG9fLoC6flF1QTnxS?utm_source=generator&theme=0
JGrrey,66rDbD3tWR3M1uNuIaDAGx,48,https://images.genius.com/ba2a5ad9de45ed3cd0f918b57b618bb8.900x900x1.jpg,https://open.spotify.com/embed/artist/66rDbD3tWR3M1uNuIaDAGx?utm_source=generator&theme=0
fanclubwallet,1NJUWqbiNAk1BPOyQhb2qe,44,https://images.genius.com/4ce6e5ec9549339d8bbed97dd5fae9c6.729x729x1.jpg,https://open.spotify.com/embed/artist/1NJUWqbiNAk1BPOyQhb2qe?utm_source=generator&theme=0
Daisy the Great,0SrIPejckovMwhrN3MZFPB,53,https://images.genius.com/377254f8ad635d9fd57629dfb2a908cb.1000x1000x1.jpg,https://open.spotify.com/embed/artist/0SrIPejckovMwhrN3MZFPB?utm_source=generator&theme=0
Lala Lala,492I2sQFcHDcsZECYX25dE,45,https://images.genius.com/df00030da45b932a796033b0b8e51860.983x983x1.jpg,https://open.spotify.com/embed/artist/492I2sQFcHDcsZECYX25dE?utm_source=generator&theme=0
Dreamer Isioma,6u6AbTVrbabv27DLcSrF8i,59,https://images.genius.com/9b92fc817d8c55b0139510a054bf1144.1000x1000x1.jpg,https://open.spotify.com/embed/artist/6u6AbTVrbabv27DLcSrF8i?utm_source=generator&theme=0
St. Vincent,7bcbShaqKdcyjnmv4Ix8j6,64,https://images.genius.com/e64aa5f8eda440fb56c86a5fbd0d302d.409x409x1.jpg,https://open.spotify.com/embed/artist/7bcbShaqKdcyjnmv4Ix8j6?utm_source=generator&theme=0
Discovery Zone,4Q3A7ukbHFR5xThu9hZDZt,39,https://images.genius.com/0bc94d94cc7a1e25bd469ab654a41465.600x448x73.gif,https://open.spotify.com/embed/artist/4Q3A7ukbHFR5xThu9hZDZt?utm_source=generator&theme=0
"Whatever, Dad",1wMNhhG8VUhDGZ249MZBtn,55,https://images.genius.com/375618ea11fab0e3c87cfd7c4b9af841.300x300x1.png,https://open.spotify.com/embed/artist/1wMNhhG8VUhDGZ249MZBtn?utm_source=generator&theme=0
Bully,34LdbFt5sVXKTJOzf1iExQ,46,https://images.genius.com/0e995cc59d13059bef6562ed37898d4f.750x750x1.png,https://open.spotify.com/embed/artist/34LdbFt5sVXKTJOzf1iExQ?utm_source=generator&theme=0
Caroline Spence,4De2r7QdHl1eZwnEnQ1IzE,46,https://images.genius.com/62c537305d7d73ac5f7261520c4796ab.423x423x1.jpg,https://open.spotify.com/embed/artist/4De2r7QdHl1eZwnEnQ1IzE?utm_source=generator&theme=0
Haley Heynderickx,73MDShZzdL4vUGMkmXOG6X,58,https://images.genius.com/292f1f671ec253f3d1aa36356f2b3a5f.499x499x1.jpg,https://open.spotify.com/embed/artist/73MDShZzdL4vUGMkmXOG6X?utm_source=generator&theme=0
Cleo Sol,3ETLPQkcEd7z4k3IbZmXMq,60,https://images.genius.com/cedab42d89d40f5ed8ba034d6b589c9c.1000x1000x1.png,https://open.spotify.com/embed/artist/3ETLPQkcEd7z4k3IbZmXMq?utm_source=generator&theme=0
Zeph,502gYHkFCtLzBIcU4ctPLd,65,https://images.genius.com/50cfce70223f2bd3f2f348295dbf8ffa.1000x667x1.jpg,https://open.spotify.com/embed/artist/502gYHkFCtLzBIcU4ctPLd?utm_source=generator&theme=0
WILLOW,3rWZHrfrsPBxVy692yAIxF,74,https://images.genius.com/a08c86e1ced206a2bee774f5106d313a.1000x1000x1.jpg,https://open.spotify.com/embed/artist/3rWZHrfrsPBxVy692yAIxF?utm_source=generator&theme=0
ML Buch,3NsSv8HchEwfa7bGkjb4ZC,39,https://images.genius.com/01b58a20e8cb1e0d22dcf57139447804.1000x1000x1.jpg,https://open.spotify.com/embed/artist/3NsSv8HchEwfa7bGkjb4ZC?utm_source=generator&theme=0
Squirrel Flower,7bI1v9NGBBhq8iGfytctni,51,https://images.genius.com/5fb2bd98da012a930ef6ede397dd95dc.838x838x1.jpg,https://open.spotify.com/embed/artist/7bI1v9NGBBhq8iGfytctni?utm_source=generator&theme=0
Gloria Laing,3aO4DL5c2uBGD8EUuP7sxi,37,https://images.genius.com/39f9576fc9b58cd1c3509bee6bdd7300.620x620x1.jpg,https://open.spotify.com/embed/artist/3aO4DL5c2uBGD8EUuP7sxi?utm_source=generator&theme=0
Lennon Stella,1cZQSpDsxgKIX2yW5OR9Ot,67,https://images.genius.com/502ecc2e6ccccd77a1396a6c45781f35.400x400x1.jpg,https://open.spotify.com/embed/artist/1cZQSpDsxgKIX2yW5OR9Ot?utm_source=generator&theme=0
Hannah Cohen,7ovXNdlB2DNSC16TbKgros,36,https://images.genius.com/79fe91466e8f67c7eade2e318aa6c521.1000x1000x1.jpg,https://open.spotify.com/embed/artist/7ovXNdlB2DNSC16TbKgros?utm_source=generator&theme=0
Phoebe Bridgers,1r1uxoy19fzMxunt3ONAkG,79,https://images.genius.com/ed0b429ec032e686dbae4285bd41f278.1000x1000x1.jpg,https://open.spotify.com/embed/artist/1r1uxoy19fzMxunt3ONAkG?utm_source=generator&theme=0
Hana Vu,3diDUq8QMCCtx8a4Jy42aO,40,https://images.genius.com/052a641e05fa65c99ef0e3d837855fa4.1000x1000x1.jpg,https://open.spotify.com/embed/artist/3diDUq8QMCCtx8a4Jy42aO?utm_source=generator&theme=0
Katie Gregson-MacLeod,2xCYQunn7ZXK6qOwXWPvcF,53,https://images.genius.com/76ffcbe5fff63eeb60035760f6f2f65c.183x183x1.jpg,https://open.spotify.com/embed/artist/2xCYQunn7ZXK6qOwXWPvcF?utm_source=generator&theme=0
UMI,4ClziihVpBeFXNyDH83Lde,64,https://images.genius.com/9ad3444885002ec565f970ad275e1bbb.819x819x1.jpg,https://open.spotify.com/embed/artist/4ClziihVpBeFXNyDH83Lde?utm_source=generator&theme=0
Margaret Glaspy,13YVfXddjRIUrubItJjadb,37,https://images.genius.com/7d8e9813621642f17fbfea4ec0a9afb0.1000x1000x1.jpg,https://open.spotify.com/embed/artist/13YVfXddjRIUrubItJjadb?utm_source=generator&theme=0
Ethel Cain,0avMDS4HyoCEP6RqZJWpY2,64,https://images.genius.com/79881b8a45a804008dfd6112191a2ad9.1000x1000x1.png,https://open.spotify.com/embed/artist/0avMDS4HyoCEP6RqZJWpY2?utm_source=generator&theme=0
Buzzy Lee,0cz2DZrX5wGn1XUdIPKYYQ,41,https://images.genius.com/fb8b783665d9e9de8a61eb365247afff.1000x1000x1.jpg,https://open.spotify.com/embed/artist/0cz2DZrX5wGn1XUdIPKYYQ?utm_source=generator&theme=0
Natalie Prass,0EmUT6i9rTu9ZHy1Tl1iuX,38,https://images.genius.com/d69932febdde5145452f0ebfbe24c99a.620x413x1.jpg,https://open.spotify.com/embed/artist/0EmUT6i9rTu9ZHy1Tl1iuX?utm_source=generator&theme=0
Arlo Parks,4kIwETcbpuFgRukE8o7Opx,63,https://images.genius.com/c2d5b225ebf57f2c8e2c27137dbf4f91.1000x1000x1.jpg,https://open.spotify.com/embed/artist/4kIwETcbpuFgRukE8o7Opx?utm_source=generator&theme=0
Olive Klug,3SEtmo8E5DJVuGddKYqeiU,47,https://images.genius.com/fa02b3a5606ccd03e80122d1dd46bca2.1000x1000x1.jpg,https://open.spotify.com/embed/artist/3SEtmo8E5DJVuGddKYqeiU?utm_source=generator&theme=0
FKA twigs,6nB0iY1cjSY1KyhYyuIIKH,65,https://images.genius.com/349995d996a07c44e03d4bc440f0884f.847x847x1.jpg,https://open.spotify.com/embed/artist/6nB0iY1cjSY1KyhYyuIIKH?utm_source=generator&theme=0
Coco & Clair Clair,5FkMS3KgG0cjiRm250NFTJ,60,https://images.genius.com/eba547a2e356908489f4417b172549be.640x638x1.jpg,https://open.spotify.com/embed/artist/5FkMS3KgG0cjiRm250NFTJ?utm_source=generator&theme=0
Lady Lamb,2wunbYU5KWrpI7RCRBkwF0,39,https://images.genius.com/24f8e6ba300fe552f57068b7c36fabf7.600x600x1.jpg,https://open.spotify.com/embed/artist/2wunbYU5KWrpI7RCRBkwF0?utm_source=generator&theme=0
Kelsey Lu,0fEfMW5bypHZ0A8eLnhwj5,47,https://images.genius.com/fcd457d6b989192344436ca5500c0fab.1000x1000x1.jpg,https://open.spotify.com/embed/artist/0fEfMW5bypHZ0A8eLnhwj5?utm_source=generator&theme=0
dodie,21TinSsF5ytwsfdyz5VSVS,63,https://images.genius.com/b37c8d9bab44e4ad9e933a89a708cd22.400x400x1.jpg,https://open.spotify.com/embed/artist/21TinSsF5ytwsfdyz5VSVS?utm_source=generator&theme=0
Joy Williams,4TCXgdDPm10ensLNCVnIYa,62,https://images.genius.com/d2072fb0e084891f2719bab7c486ea7c.400x400x1.jpg,https://open.spotify.com/embed/artist/4TCXgdDPm10ensLNCVnIYa?utm_source=generator&theme=0
Chappell Roan,7GlBOeep6PqTfFi59PTUUN,52,https://images.genius.com/a8fa1c0b21499013ace14386ce1ac79d.512x512x1.jpg,https://open.spotify.com/embed/artist/7GlBOeep6PqTfFi59PTUUN?utm_source=generator&theme=0
Tia Gostelow,4blt4zG5qMjWCPymNjDNP5,40,https://images.genius.com/039ffd418db724da40ebe893a6ef162b.958x958x1.jpg,https://open.spotify.com/embed/artist/4blt4zG5qMjWCPymNjDNP5?utm_source=generator&theme=0
Aoife O'Donovan,1f3ubTd6eyxuy30ddDJQQa,54,https://images.genius.com/5e7d50e2703145b30a3ee2d7a399f143.506x506x1.jpg,https://open.spotify.com/embed/artist/1f3ubTd6eyxuy30ddDJQQa?utm_source=generator&theme=0
Clairo,3l0CmX0FuQjFxr8SK7Vqag,77,https://images.genius.com/9a3ca9aa1a7c8d2b77efce8459b31577.960x960x1.jpg,https://open.spotify.com/embed/artist/3l0CmX0FuQjFxr8SK7Vqag?utm_source=generator&theme=0
Aldous Harding,3lmR0qMiGuoIF9UC54egcG,52,https://images.genius.com/6b3594da17ab8fd9a3521874bd481a82.926x926x1.jpg,https://open.spotify.com/embed/artist/3lmR0qMiGuoIF9UC54egcG?utm_source=generator&theme=0
Ashe,6P5NO5hzJbuOqSdyPB7SJM,71,https://images.genius.com/690cd786bd8af88d62938e70aa407d40.1000x1000x1.jpg,https://open.spotify.com/embed/artist/6P5NO5hzJbuOqSdyPB7SJM?utm_source=generator&theme=0
Cate Le Bon,0LZac5VicY19QLaIUvIB0G,46,https://images.genius.com/f8ec81b4d71b4b3e00e1b60e9e672a4c.534x534x1.png,https://open.spotify.com/embed/artist/0LZac5VicY19QLaIUvIB0G?utm_source=generator&theme=0
Bree Runway,58hqTaCiqGrMsNmmm3qL7w,55,https://images.genius.com/ccdb1e2a0e6a51ded40bfb1e8290f7db.1000x1000x1.jpg,https://open.spotify.com/embed/artist/58hqTaCiqGrMsNmmm3qL7w?utm_source=generator&theme=0
Charlotte Cornfield,59aqTTQGnvttJ4BCThaABZ,31,https://images.genius.com/e4562697302ff5854c0bff6f3d90204a.617x617x1.jpg,https://open.spotify.com/embed/artist/59aqTTQGnvttJ4BCThaABZ?utm_source=generator&theme=0
Genevieve Stokes,2uaMjmR0IE0K3oKTQrNZVQ,59,https://images.genius.com/a60a2f8173c94580960393c8e0acab43.1000x1000x1.jpg,https://open.spotify.com/embed/artist/2uaMjmR0IE0K3oKTQrNZVQ?utm_source=generator&theme=0
JESSIA,6DdbeAeBlrYj8bNToZv4TY,56,https://images.genius.com/e0a431acf76be4fca01c0ec394ea63ae.1000x1000x1.jpg,https://open.spotify.com/embed/artist/6DdbeAeBlrYj8bNToZv4TY?utm_source=generator&theme=0
NERIAH,1dUrqVHcv2FCXxlIqzIbiG,59,https://images.genius.com/c8a5b8e18516de9ddc25bc4cf1afeebb.300x300x1.jpg,https://open.spotify.com/embed/artist/1dUrqVHcv2FCXxlIqzIbiG?utm_source=generator&theme=0
Fenne Lily,7iPH2BRBF9wKa6ljxvdext,51,https://images.genius.com/96c4238ec94cd0aaa0d62d4f1bbc82fd.1000x1000x1.jpg,https://open.spotify.com/embed/artist/7iPH2BRBF9wKa6ljxvdext?utm_source=generator&theme=0
Ruby Fields,1nwPEi1UZdJtCxBqATpsq3,43,https://images.genius.com/41c3e8365bd324650dd74a9cf1cc3091.958x958x1.jpg,https://open.spotify.com/embed/artist/1nwPEi1UZdJtCxBqATpsq3?utm_source=generator&theme=0
Maggie Rogers,4NZvixzsSefsNiIqXn0NDe,71,https://images.genius.com/1eec9d49dbff80d4706aa8ccac1f16a4.400x400x1.jpg,https://open.spotify.com/embed/artist/4NZvixzsSefsNiIqXn0NDe?utm_source=generator&theme=0
Solange,2auiVi8sUZo17dLy1HwrTU,63,https://images.genius.com/82f0c9f55c4f1adbd9e7344fbbd427ae.1000x1000x1.png,https://open.spotify.com/embed/artist/2auiVi8sUZo17dLy1HwrTU?utm_source=generator&theme=0
Sudan Archives,2MPHBxznH1fj59jbOWY38u,53,https://images.genius.com/fdb9f6685e5c451e540063dde8c72529.640x640x1.jpg,https://open.spotify.com/embed/artist/2MPHBxznH1fj59jbOWY38u?utm_source=generator&theme=0
Sophie Cates,4xjJOu0MWVWuaDVZOy0Dx2,41,https://images.genius.com/f9555ae0007d8ee64c4b1cbdbd1240d9.400x400x1.jpg,https://open.spotify.com/embed/artist/4xjJOu0MWVWuaDVZOy0Dx2?utm_source=generator&theme=0
Helena Deland,0BJeP79i5wKgCqsEEiQ7G0,44,https://images.genius.com/d2b96722fc148c5907930daf2ada33b0.959x959x1.jpg,https://open.spotify.com/embed/artist/0BJeP79i5wKgCqsEEiQ7G0?utm_source=generator&theme=0
Maddie Zahm,5dtPlx7yKOo7KdZGyrfFIq,61,https://images.genius.com/2c5f3f9f13a65c66b47ba8282a328ba8.820x820x1.png,https://open.spotify.com/embed/artist/5dtPlx7yKOo7KdZGyrfFIq?utm_source=generator&theme=0
Chloe x Halle,0AsThoR4KZSVktALiNcQwW,60,https://images.genius.com/6350c8264a502c70f41e63d0cdfb2152.1000x1000x1.jpg,https://open.spotify.com/embed/artist/0AsThoR4KZSVktALiNcQwW?utm_source=generator&theme=0
Waxahatchee,5IWCU0V9evBlW4gIeGY4zF,52,https://images.genius.com/02258f5aba60bdf7fe225f89da44223e.900x900x1.jpg,https://open.spotify.com/embed/artist/5IWCU0V9evBlW4gIeGY4zF?utm_source=generator&theme=0
Biig Piig,4GoD5FJCgC0lbzde7ly44M,63,https://images.genius.com/35915eb2a97fbc656a754143cee55ee7.1000x1000x1.jpg,https://open.spotify.com/embed/artist/4GoD5FJCgC0lbzde7ly44M?utm_source=generator&theme=0
Jessica Pratt,5KTykbPcDB4GYS49jcHbWh,48,https://images.genius.com/1ff99aefacc6289eef86937d6bf7d639.682x682x1.jpg,https://open.spotify.com/embed/artist/5KTykbPcDB4GYS49jcHbWh?utm_source=generator&theme=0
BLÜ EYES,2gI1WfmpFmmgSRojy4Jup2,55,https://images.genius.com/9d18f2cef6be9d67d1296b247a7c9e80.960x635x1.jpg,https://open.spotify.com/embed/artist/2gI1WfmpFmmgSRojy4Jup2?utm_source=generator&theme=0
Freak Slug,5wk7sY8GIg5ihSI09EbWeS,47,https://images.genius.com/cca381ffa43465f3a423761921900cd0.900x900x1.jpg,https://open.spotify.com/embed/artist/5wk7sY8GIg5ihSI09EbWeS?utm_source=generator&theme=0
Delaney Bailey,3Os4q49SgEN0Tv3fxKw3Sp,61,https://images.genius.com/833b868cf4a39c79264a693c64170693.534x534x1.jpg,https://open.spotify.com/embed/artist/3Os4q49SgEN0Tv3fxKw3Sp?utm_source=generator&theme=0
quinnie,4aEuFytRb43SAgjchJDk5e,56,https://images.genius.com/ebda221690244e5202fad975e869b189.1000x1000x1.png,https://open.spotify.com/embed/artist/4aEuFytRb43SAgjchJDk5e?utm_source=generator&theme=0
Snail Mail,4QkSD9TRUnMtI8Fq1jXJJe,53,https://images.genius.com/ace1e9ebff45c6c3efe9bd325c58c43d.1000x1000x1.jpg,https://open.spotify.com/embed/artist/4QkSD9TRUnMtI8Fq1jXJJe?utm_source=generator&theme=0
FELIVAND,6QCstr3yhEVSZPQyDvvYjK,44,https://images.genius.com/25f871bd043412baa0b3f71ec968d064.480x480x1.jpg,https://open.spotify.com/embed/artist/6QCstr3yhEVSZPQyDvvYjK?utm_source=generator&theme=0
Lauren Sanderson,06vRrrjT3DBRkhBlXoBdYj,51,https://images.genius.com/98360094880160116ade333224a657ac.1000x1000x1.jpg,https://open.spotify.com/embed/artist/06vRrrjT3DBRkhBlXoBdYj?utm_source=generator&theme=0
Rosie Carney,3Aut8hgiqZSy2qmJluZMU9,51,https://images.genius.com/6e1f825a7928948595bd364e54f77c9b.803x803x1.png,https://open.spotify.com/embed/artist/3Aut8hgiqZSy2qmJluZMU9?utm_source=generator&theme=0
Tanukichan,7d0wUlQ0ZXIGFa0YzuBiR6,50,https://images.genius.com/c08f3c57fc60695f07116aa89b638171.559x559x1.png,https://open.spotify.com/embed/artist/7d0wUlQ0ZXIGFa0YzuBiR6?utm_source=generator&theme=0
Orion Sun,2efrqekWSHlvhATD50AG3m,63,https://images.genius.com/e1fb8402249ba9f65b5b1bec692eb43c.1000x1000x1.jpg,https://open.spotify.com/embed/artist/2efrqekWSHlvhATD50AG3m?utm_source=generator&theme=0
Liza Anne,426VSUSxx9puUYFgp7l7EQ,48,https://images.genius.com/42611846fb9c85120cf981e43e179d7c.641x641x1.jpg,https://open.spotify.com/embed/artist/426VSUSxx9puUYFgp7l7EQ?utm_source=generator&theme=0
Eleanor Friedberger,42WJFNdxsAgcn9PfjT61Z3,20,https://images.genius.com/36db86259a31d58e0997b66be7174b86.1000x562x1.jpg,https://open.spotify.com/embed/artist/42WJFNdxsAgcn9PfjT61Z3?utm_source=generator&theme=0
Courtney Marie Andrews,1EI0B66miJj5Fl408B7E9H,48,https://images.genius.com/998f22bb7ee16084ce071c5a0217ec1c.960x960x1.jpg,https://open.spotify.com/embed/artist/1EI0B66miJj5Fl408B7E9H?utm_source=generator&theme=0
Meg Mac,4faUajx9k93O56nlmpkOuz,47,https://images.genius.com/48d7968e72e1cb760e353e83047d879a.640x640x1.jpg,https://open.spotify.com/embed/artist/4faUajx9k93O56nlmpkOuz?utm_source=generator&theme=0
Nilüfer Yanya,09kXLeOXRyfNQMXRaDO4qA,52,https://images.genius.com/4f9936af64e4989104a776182a99c03d.1000x1000x1.jpg,https://open.spotify.com/embed/artist/09kXLeOXRyfNQMXRaDO4qA?utm_source=generator&theme=0
King Princess,6beUvFUlKliUYJdLOXNj9C,62,https://images.genius.com/f0bd45d866fe1485209f4e40acee60ca.942x942x1.png,https://open.spotify.com/embed/artist/6beUvFUlKliUYJdLOXNj9C?utm_source=generator&theme=0
Rosie Tucker,21IgTzfAyrn8DJpEY7F4DM,35,https://images.genius.com/d46b0b687b48a1e34d2a905b944ef7c4.1000x1000x1.jpg,https://open.spotify.com/embed/artist/21IgTzfAyrn8DJpEY7F4DM?utm_source=generator&theme=0
Taylor Acorn,1A0WloDoRE88uUwo3wensY,59,https://images.genius.com/cf1334b774929c956fcee01344593741.400x400x1.jpg,https://open.spotify.com/embed/artist/1A0WloDoRE88uUwo3wensY?utm_source=generator&theme=0
Tommy Lefroy,3vldh5Ceynytj6Iglw4haP,56,https://images.genius.com/8f86073c0d57b7618afd1bd2a823dc96.500x500x1.jpg,https://open.spotify.com/embed/artist/3vldh5Ceynytj6Iglw4haP?utm_source=generator&theme=0
Palehound,4AgusFXPk24LCGMMplX34M,40,https://images.genius.com/307008d6d9c27f85c34a0ff2920fd88a.668x668x1.jpg,https://open.spotify.com/embed/artist/4AgusFXPk24LCGMMplX34M?utm_source=generator&theme=0
Lava La Rue,271bbpX3pdCi56ZJA1jQ43,47,https://images.genius.com/6efeaa635b091ab0426fe33850357dae.680x680x1.jpg,https://open.spotify.com/embed/artist/271bbpX3pdCi56ZJA1jQ43?utm_source=generator&theme=0
Molly Parden,5dUUxJQg27XaHdKyLYwNg5,44,https://images.genius.com/c60cfb69530f0fdc0ac7319956619730.620x620x1.jpg,https://open.spotify.com/embed/artist/5dUUxJQg27XaHdKyLYwNg5?utm_source=generator&theme=0
Indigo Sparke,3KlPjpVKfm6vESPL46NDCh,35,https://images.genius.com/8ef0e1515a667c1ee7ccbfc90dfddb33.959x959x1.jpg,https://open.spotify.com/embed/artist/3KlPjpVKfm6vESPL46NDCh?utm_source=generator&theme=0
Jenny Lewis,5cMVRrisBpDkXCVG48epED,47,https://images.genius.com/920eda37e161276d0a268ceb76c9f383.1000x1000x1.jpg,https://open.spotify.com/embed/artist/5cMVRrisBpDkXCVG48epED?utm_source=generator&theme=0
Avery Lynch,7aO285xSsCbjy0q9zEqXEk,47,https://images.genius.com/d9c0042ea966cc3874cca00b30818089.640x640x1.jpg,https://open.spotify.com/embed/artist/7aO285xSsCbjy0q9zEqXEk?utm_source=generator&theme=0
Penelope Scott,3u6lPufHw4Oww6D88rv6sB,65,https://images.genius.com/ec9c629e381df29cc170305bc54c9e6f.1000x1000x1.jpg,https://open.spotify.com/embed/artist/3u6lPufHw4Oww6D88rv6sB?utm_source=generator&theme=0
Gretta Ray,4xdEmbimxXyo9wXy9lq3ek,52,https://images.genius.com/2a1787b21bdf77bb5ee94d3a3691717e.1000x1000x1.jpg,https://open.spotify.com/embed/artist/4xdEmbimxXyo9wXy9lq3ek?utm_source=generator&theme=0
The Wild Reeds,3Q9WLyqkHw04V6DDtvPWwH,44,https://images.genius.com/a24fc14eb4a8b5a25233c67c5cdbb518.800x800x1.jpg,https://open.spotify.com/embed/artist/3Q9WLyqkHw04V6DDtvPWwH?utm_source=generator&theme=0
Lomelda,6zcDLZ62JsbVM1nLrQMzi4,57,https://images.genius.com/580b0fdf08e2b0d016d4e442edf3bc3a.1000x1000x1.jpg,https://open.spotify.com/embed/artist/6zcDLZ62JsbVM1nLrQMzi4?utm_source=generator&theme=0
Hand Habits,5poU7FPEYoBlwjzOEWMbX5,44,https://images.genius.com/cc2ee8af31e1ea9d6493f45bb86a6e9d.800x800x1.jpg,https://open.spotify.com/embed/artist/5poU7FPEYoBlwjzOEWMbX5?utm_source=generator&theme=0
carobae,2HysMkOtaumKooHYAlE7wd,42,https://images.genius.com/db17cf743fcc4f877de53564dfa7c2ba.1000x1000x1.jpg,https://open.spotify.com/embed/artist/2HysMkOtaumKooHYAlE7wd?utm_source=generator&theme=0
Emily James,7FxEy78P0oIVEVxdaL9npy,51,https://images.genius.com/3f8feaa49b1c6828ae3390c9801bd1c2.500x500x1.jpg,https://open.spotify.com/embed/artist/7FxEy78P0oIVEVxdaL9npy?utm_source=generator&theme=0
Haley Blais,0i4M8k5IcQpiEH6nBMdfPT,42,https://images.genius.com/7173458f094593e517df26fa48427f1e.1000x1000x1.jpg,https://open.spotify.com/embed/artist/0i4M8k5IcQpiEH6nBMdfPT?utm_source=generator&theme=0
Lexi Jayde,69761NObDw2KwmmFgZmxzC,58,https://images.genius.com/d41d3864d71bdef405d7e61b813bb5f4.1000x1000x1.jpg,https://open.spotify.com/embed/artist/69761NObDw2KwmmFgZmxzC?utm_source=generator&theme=0
Madeline Kenney,2mirb9SKAm6IUHtPwreoqN,30,https://images.genius.com/004a6d161b24b0ade54756b1185ab090.1000x1000x1.jpg,https://open.spotify.com/embed/artist/2mirb9SKAm6IUHtPwreoqN?utm_source=generator&theme=0
Laura Elliott,0YJEuTCD642Yp34CoiH0ox,43,https://assets.genius.com/images/default_avatar_300.png?1679675825,https://open.spotify.com/embed/artist/0YJEuTCD642Yp34CoiH0ox?utm_source=generator&theme=0
The Aces,2AmfMGi3WZMxqFDHissIAe,54,https://images.genius.com/331e5fe5fe378e674ef6b8edf3b2a674.640x640x1.jpg,https://open.spotify.com/embed/artist/2AmfMGi3WZMxqFDHissIAe?utm_source=generator&theme=0
Flower Face,0sYlth2PW1zWJMEU2vCukz,58,https://images.genius.com/02a227b51a5f263b3709ebc76c106200.1000x1000x1.jpg,https://open.spotify.com/embed/artist/0sYlth2PW1zWJMEU2vCukz?utm_source=generator&theme=0
MIA GLADSTONE,6XoXNsXj8wck0oVUNwxcmF,48,https://images.genius.com/7e693d867b9e6abe926d3790d92d5d37.712x712x1.jpg,https://open.spotify.com/embed/artist/6XoXNsXj8wck0oVUNwxcmF?utm_source=generator&theme=0
Maisie Peters,2RVvqRBon9NgaGXKfywDSs,66,https://images.genius.com/4b588ecbf5922339850c8ec98225c43c.853x853x1.jpg,https://open.spotify.com/embed/artist/2RVvqRBon9NgaGXKfywDSs?utm_source=generator&theme=0
Japanese Breakfast,7MoIc5s9KXolCBH1fy9kkw,62,https://images.genius.com/e36de2d66176c29e8a1353c20f900757.565x565x1.jpg,https://open.spotify.com/embed/artist/7MoIc5s9KXolCBH1fy9kkw?utm_source=generator&theme=0
Caitlin Rose,41LGTx1fpA69G2ZAJKZntM,35,https://images.genius.com/76e2627a93bef19259d64cd99e668cfe.618x602x1.jpg,https://open.spotify.com/embed/artist/41LGTx1fpA69G2ZAJKZntM?utm_source=generator&theme=0
Devon Again,3xz28DkZR6bmPpVh6Rq13t,44,https://images.genius.com/5a065fa16182bd938d34ca8e0597aeda.640x640x1.jpg,https://open.spotify.com/embed/artist/3xz28DkZR6bmPpVh6Rq13t?utm_source=generator&theme=0
Ana Roxanne,2fSBHYgZUSIQPolv5skG5I,38,https://images.genius.com/fcb95b2c912077a657f44a32a8389281.722x722x1.jpg,https://open.spotify.com/embed/artist/2fSBHYgZUSIQPolv5skG5I?utm_source=generator&theme=0
Grace Ives,4TZieE5978SbTInJswaay2,50,https://images.genius.com/87a7522e64502b4795cfaa0b12d31497.1000x1000x1.jpg,https://open.spotify.com/embed/artist/4TZieE5978SbTInJswaay2?utm_source=generator&theme=0
Free Cake For Every Creature,3oqgxdumaZZ5hOt2ykwYTQ,44,https://images.genius.com/2152fee57f2843681e3929f2698c73a4.811x811x1.jpg,https://open.spotify.com/embed/artist/3oqgxdumaZZ5hOt2ykwYTQ?utm_source=generator&theme=0
Taylor Bickett,3Fxg10eJ6YmvUdM2PPB4Zk,53,https://images.genius.com/eb31aca82f06bc2233f50eac801617cc.400x400x1.jpg,https://open.spotify.com/embed/artist/3Fxg10eJ6YmvUdM2PPB4Zk?utm_source=generator&theme=0
Frankie Cosmos,0x4xCoWaOFd3WsKarzaxnW,59,https://images.genius.com/c26cba15fc1046afdb7849ba342a6630.1000x1000x1.jpg,https://open.spotify.com/embed/artist/0x4xCoWaOFd3WsKarzaxnW?utm_source=generator&theme=0
Mallrat,4OSArit7O2Jaj4mgf3YN7A,63,https://images.genius.com/d7c02e08919bf41f5a545cbba1b6937b.1000x1000x1.jpg,https://open.spotify.com/embed/artist/4OSArit7O2Jaj4mgf3YN7A?utm_source=generator&theme=0
Skullcrusher,1GUaQ6GpaxFPKZ0SCSsnwD,51,https://images.genius.com/e75e11ca2859bb692754210dd53b8313.552x552x1.jpg,https://open.spotify.com/embed/artist/1GUaQ6GpaxFPKZ0SCSsnwD?utm_source=generator&theme=0
Erin Rae,167VlZ0C0ewQbgKexRFcs6,40,https://images.genius.com/ab5d3e2e908bc22d811235d17633bb51.422x422x1.png,https://open.spotify.com/embed/artist/167VlZ0C0ewQbgKexRFcs6?utm_source=generator&theme=0
Matilda Mann,76oY04bOzECod3aGVTDtzu,54,https://images.genius.com/13a8aa7fa7fd8ddcaccff09d6b4a3bb6.1000x1000x1.jpg,https://open.spotify.com/embed/artist/76oY04bOzECod3aGVTDtzu?utm_source=generator&theme=0
Greta Isaac,7BsLsPnH5swTyhGZq2qNbN,31,https://images.genius.com/644e292baee5fcac2645797daffe5046.999x999x1.png,https://open.spotify.com/embed/artist/7BsLsPnH5swTyhGZq2qNbN?utm_source=generator&theme=0
Hey Cowboy!,1m2tY2Q32cp51czUo7SxyZ,30,https://assets.genius.com/images/default_avatar_300.png?1679675825,https://open.spotify.com/embed/artist/1m2tY2Q32cp51czUo7SxyZ?utm_source=generator&theme=0
Andrea von Kampen,6ps9u0MZquDDBReh8XuBeY,47,https://images.genius.com/74650a9fed3f0035e833554ed9d3f0dd.683x683x1.jpg,https://open.spotify.com/embed/artist/6ps9u0MZquDDBReh8XuBeY?utm_source=generator&theme=0
Tkay Maidza,1kMPdZQVdUhMDKDWOJM5iK,56,https://images.genius.com/bd30d9c8e75a2681b40966dbccf06bec.1000x1000x1.jpg,https://open.spotify.com/embed/artist/1kMPdZQVdUhMDKDWOJM5iK?utm_source=generator&theme=0
Tessa Violet,5DD5GZd4ElmQTy9NleMvKJ,56,https://images.genius.com/f1da316715a8898c50431fcca651f9bb.550x550x1.jpg,https://open.spotify.com/embed/artist/5DD5GZd4ElmQTy9NleMvKJ?utm_source=generator&theme=0
Remi Wolf,0NB5HROxc8dDBXpkIi1v3d,66,https://images.genius.com/de187baf54601807fefcdf6aa82b2afb.878x878x1.jpg,https://open.spotify.com/embed/artist/0NB5HROxc8dDBXpkIi1v3d?utm_source=generator&theme=0
Kilo Kish,7lsnwlX6puQ7lcpSEpJbZE,50,https://images.genius.com/1373928b1469ab98d1813eb5de9947d4.1000x1000x1.png,https://open.spotify.com/embed/artist/7lsnwlX6puQ7lcpSEpJbZE?utm_source=generator&theme=0
Gatlin,1KGcdM5KxCVydaHe29QAj9,54,https://images.genius.com/a15dcf60b6393d4541e1764edd6c9309.400x400x1.jpg,https://open.spotify.com/embed/artist/1KGcdM5KxCVydaHe29QAj9?utm_source=generator&theme=0
Ira Wolf,5jq01ts8cBQWwVZOpMax6s,43,https://images.genius.com/8a6d124897514bd60b7b5abfb9fc7861.768x768x1.jpg,https://open.spotify.com/embed/artist/5jq01ts8cBQWwVZOpMax6s?utm_source=generator&theme=0
Maude Latour,3MNLhvqJkWsO6tcjY9ps62,53,https://images.genius.com/38324bfd0f7773b70c2983af66fe6490.1000x1000x1.png,https://open.spotify.com/embed/artist/3MNLhvqJkWsO6tcjY9ps62?utm_source=generator&theme=0
Fazerdaze,2awB7Ol181cocZcLLNBBAh,46,https://images.genius.com/d39b456b89f98835acb3845c7e165b83.750x750x1.jpg,https://open.spotify.com/embed/artist/2awB7Ol181cocZcLLNBBAh?utm_source=generator&theme=0
Angie McMahon,574ERIqzZ5yZU9JhIf3Ysf,51,https://images.genius.com/784fb98af91b2872367aa00cac0cca3a.412x412x1.jpg,https://open.spotify.com/embed/artist/574ERIqzZ5yZU9JhIf3Ysf?utm_source=generator&theme=0
Salami Rose Joe Louis,6EHS9kZ9PpeXaJ4wZO3FSX,53,https://images.genius.com/5b97dfacff013d9a1e4c13f084ca7f1b.450x450x1.jpg,https://open.spotify.com/embed/artist/6EHS9kZ9PpeXaJ4wZO3FSX?utm_source=generator&theme=0
Tirzah,6f5lOlSFJw9K79gaNnmWAd,46,https://images.genius.com/cae56c68549a9e6aa984ff910f64b868.959x959x1.jpg,https://open.spotify.com/embed/artist/6f5lOlSFJw9K79gaNnmWAd?utm_source=generator&theme=0
Lizzy McAlpine,1GmsPCcpKgF9OhlNXjOsbS,78,https://images.genius.com/c788e793d288de551b12db35f02611aa.640x640x1.jpg,https://open.spotify.com/embed/artist/1GmsPCcpKgF9OhlNXjOsbS?utm_source=generator&theme=0
Gia Margaret,7fnMav7xXJwwjbyWbSjF4C,54,https://images.genius.com/8a862bc3cdaeb16778a39dfb1ee74028.913x913x1.jpg,https://open.spotify.com/embed/artist/7fnMav7xXJwwjbyWbSjF4C?utm_source=generator&theme=0
Sidney Gish,2orBKFyc84jo9AZH5jarhI,49,https://images.genius.com/03bb6bbe358bd0aa75e9892ac4bcd21d.409x409x1.png,https://open.spotify.com/embed/artist/2orBKFyc84jo9AZH5jarhI?utm_source=generator&theme=0
awfultune,1vkWdqcabQ1swciXipkLBj,63,https://images.genius.com/67b605ab43d60f198763cf3cf2fda502.1000x1000x1.jpg,https://open.spotify.com/embed/artist/1vkWdqcabQ1swciXipkLBj?utm_source=generator&theme=0
The Japanese House,3IunaFjvNKj98JW89JYv9u,60,https://images.genius.com/3371ff845ecba01ea8556dfb2d920bb2.569x572x1.jpg,https://open.spotify.com/embed/artist/3IunaFjvNKj98JW89JYv9u?utm_source=generator&theme=0
ella jane,3gBjSrNsYzzbeo0nwsL21J,49,https://images.genius.com/767885393b52c549c5859069e7d2ce1a.1000x1000x1.jpg,https://open.spotify.com/embed/artist/3gBjSrNsYzzbeo0nwsL21J?utm_source=generator&theme=0
Ravyn Lenae,5RTLRtXjbXI2lSXc6jxlAz,59,https://images.genius.com/e67b530f5daa7f9171a925a8eadb7bcb.1000x1000x1.jpg,https://open.spotify.com/embed/artist/5RTLRtXjbXI2lSXc6jxlAz?utm_source=generator&theme=0
Stella Donnelly,2mHjhKyKCLh6MZELuCe1Es,43,https://images.genius.com/bd194b9056a0d11e737902951b3c787e.768x768x1.jpg,https://open.spotify.com/embed/artist/2mHjhKyKCLh6MZELuCe1Es?utm_source=generator&theme=0
Long Beard,3truyDimkGtu58fxQj9Xv9,28,https://images.genius.com/92ff817577cce755de6d435f2e54364c.643x643x1.jpg,https://open.spotify.com/embed/artist/3truyDimkGtu58fxQj9Xv9?utm_source=generator&theme=0
Abby Sage,4aej3kKLxSLM0WauTSfZ7k,47,https://images.genius.com/9ce660100d96bba73d1bd5be0de2c318.928x928x1.jpg,https://open.spotify.com/embed/artist/4aej3kKLxSLM0WauTSfZ7k?utm_source=generator&theme=0
Pip Millett,1QfEfvB62EEl4upf2ANKkR,56,https://images.genius.com/52bee105b84333270c7faab26de08e46.634x634x1.jpg,https://open.spotify.com/embed/artist/1QfEfvB62EEl4upf2ANKkR?utm_source=generator&theme=0
Raveena,2kQnsbKnIiMahOetwlfcaS,59,https://images.genius.com/ed3b9252b5b3b47b43c87c69a0e1ee0e.1000x1000x1.jpg,https://open.spotify.com/embed/artist/2kQnsbKnIiMahOetwlfcaS?utm_source=generator&theme=0
Blondshell,7qrEXiLLnWkkYHhadZ1Oij,47,https://images.genius.com/47865f8fc8a00c474b1e736fdbeed2fc.1000x1000x1.jpg,https://open.spotify.com/embed/artist/7qrEXiLLnWkkYHhadZ1Oij?utm_source=generator&theme=0
Bedouine,6IiZemRMna678qNhiRkYI5,49,https://images.genius.com/a134cf8e0f6a6b8c0092ccfd13fb5f27.718x718x1.jpg,https://open.spotify.com/embed/artist/6IiZemRMna678qNhiRkYI5?utm_source=generator&theme=0
Kita Alexander,3CGuwWgoCYSO5Z72H5G2Ec,45,https://images.genius.com/6848dbe7f9e2ff6ac3c19f7be35d8acc.816x816x1.jpg,https://open.spotify.com/embed/artist/3CGuwWgoCYSO5Z72H5G2Ec?utm_source=generator&theme=0
Julia Jacklin,12fRkVfO2fUsz1QHgDAG3g,58,https://images.genius.com/3d7a4d16cebc25d9ca8c296545c180de.1000x1000x1.jpg,https://open.spotify.com/embed/artist/12fRkVfO2fUsz1QHgDAG3g?utm_source=generator&theme=0
Tomberlin,0jzaoSt5gOC04OWBqN78VS,44,https://images.genius.com/9b2e801373e66fcc8e6bcd8bc4477309.958x958x1.png,https://open.spotify.com/embed/artist/0jzaoSt5gOC04OWBqN78VS?utm_source=generator&theme=0
Boyish,6VgPyGeGO86DztjK7GCYT3,45,https://images.genius.com/1711ad6c973c6f077086efce835a8aa7.750x750x1.jpg,https://open.spotify.com/embed/artist/6VgPyGeGO86DztjK7GCYT3?utm_source=generator&theme=0
FLETCHER,5qa31A9HySw3T7MKWI9bGg,70,https://images.genius.com/a169517afc394aabaeb516dfcbf7a1c1.1000x1000x1.jpg,https://open.spotify.com/embed/artist/5qa31A9HySw3T7MKWI9bGg?utm_source=generator&theme=0
Molly Burch,6bEYoIUTLdcs4lZBNVw5L5,41,https://images.genius.com/850491d3e6a5aa0240e9f012b369fe46.554x554x1.jpg,https://open.spotify.com/embed/artist/6bEYoIUTLdcs4lZBNVw5L5?utm_source=generator&theme=0
Sophie Holohan,4kpaI92KQcPABQj9qxIopw,49,https://images.genius.com/a23d8b46dbd0003ca59a5c56f5944110.663x663x1.jpg,https://open.spotify.com/embed/artist/4kpaI92KQcPABQj9qxIopw?utm_source=generator&theme=0
SASAMI,4pdoRs7yHNXakMobf8M9Oz,39,https://images.genius.com/903efc6a3f7a1344df2977f4493761d6.640x640x1.jpg,https://open.spotify.com/embed/artist/4pdoRs7yHNXakMobf8M9Oz?utm_source=generator&theme=0
U.S. Girls,3AHFDfqhSqPBecjQDIOIJA,48,https://images.genius.com/50caf48d2557c91eaa8e310c8efb661c.958x958x1.jpg,https://open.spotify.com/embed/artist/3AHFDfqhSqPBecjQDIOIJA?utm_source=generator&theme=0
girlhouse,7AWyYXZ5tIc0xNSfKLD3QX,45,https://images.genius.com/12f9d819b211939fea8fdbd168180d00.500x500x1.jpg,https://open.spotify.com/embed/artist/7AWyYXZ5tIc0xNSfKLD3QX?utm_source=generator&theme=0
Rosie Darling,6kDXH8d9LugUAsHIozzDAI,62,https://images.genius.com/49e780e5a9b3a3b6681a1caaa2768206.640x640x1.jpg,https://open.spotify.com/embed/artist/6kDXH8d9LugUAsHIozzDAI?utm_source=generator&theme=0
Cavetown,2hR4h1Cao2ueuI7Cx9c7V8,74,https://images.genius.com/8a593bb216e2e666a24bdda7ce870f66.640x640x1.jpg,https://open.spotify.com/embed/artist/2hR4h1Cao2ueuI7Cx9c7V8?utm_source=generator&theme=0
Lauren Weintraub,0eYsDVXAe2mc4F8QrBLHAq,48,https://images.genius.com/8fb3a22ae465f7e56bd93e0f1130e7dd.400x400x1.jpg,https://open.spotify.com/embed/artist/0eYsDVXAe2mc4F8QrBLHAq?utm_source=generator&theme=0
Madison McFerrin,02zPEtdzUWnPToEVLRiQ7e,47,https://images.genius.com/068903c0aeaf6b68f3b01cf2ee93340d.1000x1000x1.jpg,https://open.spotify.com/embed/artist/02zPEtdzUWnPToEVLRiQ7e?utm_source=generator&theme=0
Soccer Mommy,4wXchxfTTggLtzkoUhO86Q,56,https://images.genius.com/75b80504654f84e40f7942114635a0eb.1000x1000x1.jpg,https://open.spotify.com/embed/artist/4wXchxfTTggLtzkoUhO86Q?utm_source=generator&theme=0
Charlotte Day Wilson,3GQboECxDT1xqPPWC30p7v,61,https://images.genius.com/5fcbe1283d12be9fcee5ae201903f58d.1000x1000x1.jpg,https://open.spotify.com/embed/artist/3GQboECxDT1xqPPWC30p7v?utm_source=generator&theme=0
Hope Tala,74CcYmmNeHKe5PrZaISk8e,55,https://images.genius.com/313c7451f39801407f4e93f594e13be5.1000x1000x1.jpg,https://open.spotify.com/embed/artist/74CcYmmNeHKe5PrZaISk8e?utm_source=generator&theme=0
Zolita,7nnTzZ5tZrPx14iDnmjksU,53,https://images.genius.com/f6809c531326f14c53aeef66238c10b9.1000x1000x1.jpg,https://open.spotify.com/embed/artist/7nnTzZ5tZrPx14iDnmjksU?utm_source=generator&theme=0
Angel Olsen,6mKqFxGMS5TGDZI3XkT5Rt,58,https://images.genius.com/b9bd0ef4aa95c35c2d567e28d46c04e1.1000x1000x1.jpg,https://open.spotify.com/embed/artist/6mKqFxGMS5TGDZI3XkT5Rt?utm_source=generator&theme=0
Alexa Cappelli,3L733apFuBmRr4GEVvhh9x,52,https://images.genius.com/9fed12365866373af8a4ca10fe4f06cc.1000x1000x1.jpg,https://open.spotify.com/embed/artist/3L733apFuBmRr4GEVvhh9x?utm_source=generator&theme=0
VÉRITÉ,1Fr6agZ6iSM5Ynn2k4C8sc,53,https://images.genius.com/cda349bde65d4ad9a4b051db66e49dab.1000x1000x1.jpg,https://open.spotify.com/embed/artist/1Fr6agZ6iSM5Ynn2k4C8sc?utm_source=generator&theme=0
Haley Joelle,4pZOG8ump4odtJJA4Cy7S8,59,https://images.genius.com/2f462290abbef54d254ca08a29dd1784.1000x1000x1.jpg,https://open.spotify.com/embed/artist/4pZOG8ump4odtJJA4Cy7S8?utm_source=generator&theme=0
Baby Queen,4VqlewwKZJoIcA88PYHUDd,51,https://images.genius.com/a1956d3f32d6444c43d14a561c0d82c8.1000x1000x1.png,https://open.spotify.com/embed/artist/4VqlewwKZJoIcA88PYHUDd?utm_source=generator&theme=0
boygenius,1hLiboQ98IQWhpKeP9vRFw,66,https://images.genius.com/a6868f48c2bdf92308eb110b1431a4a7.1000x1000x1.jpg,https://open.spotify.com/embed/artist/1hLiboQ98IQWhpKeP9vRFw?utm_source=generator&theme=0
Hatchie,3d7MqowTZa2bC5iy1JXLLt,43,https://images.genius.com/8bb9529d7062bdf65becbdda6f1f5fd0.448x448x1.jpg,https://open.spotify.com/embed/artist/3d7MqowTZa2bC5iy1JXLLt?utm_source=generator&theme=0
Suki Waterhouse,5GGJosGMs08YEmKTZJe1fL,67,https://images.genius.com/3c405a39746b78945b0f31bf5d728cff.680x680x1.jpg,https://open.spotify.com/embed/artist/5GGJosGMs08YEmKTZJe1fL?utm_source=generator&theme=0
Yazmin Lacey,2datC2OML2YxykP6vnDRmg,52,https://images.genius.com/501ea539069b91726decaf11f9744c4b.645x645x1.jpg,https://open.spotify.com/embed/artist/2datC2OML2YxykP6vnDRmg?utm_source=generator&theme=0
Rico Nasty,2OaHYHb2XcFPvqL3VsyPzU,66,https://images.genius.com/bc144a9918f1dcbf73cff97aecf6575c.1000x1000x1.jpg,https://open.spotify.com/embed/artist/2OaHYHb2XcFPvqL3VsyPzU?utm_source=generator&theme=0
girlpuppy,2dV0D4uKMB4c8VhYHzt360,35,https://images.genius.com/3ff5aaed1a8862b4c5fdd0f5aadaf218.400x400x1.jpg,https://open.spotify.com/embed/artist/2dV0D4uKMB4c8VhYHzt360?utm_source=generator&theme=0
Jess Williamson,784kOgkd1H6jU4KgPMYHi9,45,https://images.genius.com/9e58bcf98338d158189c374fc04a606f.952x952x1.jpg,https://open.spotify.com/embed/artist/784kOgkd1H6jU4KgPMYHi9?utm_source=generator&theme=0
Katy Kirby,3ZH4IYVc5qVlKyJoZhGpwy,42,https://images.genius.com/8c16b667c849aec64a92761e2178cc98.1000x1000x1.jpg,https://open.spotify.com/embed/artist/3ZH4IYVc5qVlKyJoZhGpwy?utm_source=generator&theme=0
Allie Crow Buckley,4zWJqtFs82kB6LSMY20ggp,32,https://images.genius.com/1a53f34f7da342264eab20fc58045613.800x800x1.jpg,https://open.spotify.com/embed/artist/4zWJqtFs82kB6LSMY20ggp?utm_source=generator&theme=0
Wallice,6d6ts87Fxm1EdULf4CaLw4,48,https://images.genius.com/b5bcb0829a748d9976a322a9883fb21f.640x640x1.jpg,https://open.spotify.com/embed/artist/6d6ts87Fxm1EdULf4CaLw4?utm_source=generator&theme=0
Joy Crookes,5XMyhVhi5ZN2pi0Qwi1zXS,63,https://images.genius.com/e241d9b64641cc041cdf61167c116734.600x600x1.jpg,https://open.spotify.com/embed/artist/5XMyhVhi5ZN2pi0Qwi1zXS?utm_source=generator&theme=0
Jay Som,1wmiQ6ytATiGnJs6uFluKO,49,https://images.genius.com/e733add7f8f0ed2e01f73f0272f8fbde.1000x1000x1.jpg,https://open.spotify.com/embed/artist/1wmiQ6ytATiGnJs6uFluKO?utm_source=generator&theme=0
mxmtoon,0HthCchcL0kVLHTr113Vk1,67,https://images.genius.com/e821f548929d27748c2f62bad0835a86.1000x1000x1.jpg,https://open.spotify.com/embed/artist/0HthCchcL0kVLHTr113Vk1?utm_source=generator&theme=0
Oh Pep!,3L9rqEIsNSaOcx2QIstn7v,31,https://images.genius.com/f84de803111e0f3a9fd622e1a86e22a5.1000x1000x1.jpg,https://open.spotify.com/embed/artist/3L9rqEIsNSaOcx2QIstn7v?utm_source=generator&theme=0
Empress Of,5QuBVnBPEzwYvFrgBbwpmU,55,https://images.genius.com/821cc3d7130b0fc5efca3635ea0299ca.1000x1000x1.jpg,https://open.spotify.com/embed/artist/5QuBVnBPEzwYvFrgBbwpmU?utm_source=generator&theme=0
Hurray For The Riff Raff,2xLEV2jDreAOcpJXFNoXyt,45,https://images.genius.com/5aaea1b51f03e4195347a3a118bc68c6.720x720x1.jpg,https://open.spotify.com/embed/artist/2xLEV2jDreAOcpJXFNoXyt?utm_source=generator&theme=0
Caroline Rose,06W84OT2eFUNVwG85UsxJw,54,https://images.genius.com/1088ac42e854c241e5c140d76c441222.1000x1000x1.jpg,https://open.spotify.com/embed/artist/06W84OT2eFUNVwG85UsxJw?utm_source=generator&theme=0
Lydia Luce,5e1SaJPn6U7YpOrNTkW1jH,41,https://images.genius.com/0c388830e6deb709cf33fbf96fc693a7.896x896x1.jpg,https://open.spotify.com/embed/artist/5e1SaJPn6U7YpOrNTkW1jH?utm_source=generator&theme=0
Julien Baker,12zbUHbPHL5DGuJtiUfsip,66,https://images.genius.com/3a2cf645b52b3455178ea075d819dc67.1000x1000x1.jpg,https://open.spotify.com/embed/artist/12zbUHbPHL5DGuJtiUfsip?utm_source=generator&theme=0
Wilma Laverne Miner,5f7gSCzm2HHLDFWrkqZFgm,29,https://images.genius.com/c87090b054be7f4491eb0e134c2a2d84.802x802x1.jpg,https://open.spotify.com/embed/artist/5f7gSCzm2HHLDFWrkqZFgm?utm_source=generator&theme=0
Orla Gartland,3ajf12ub55b51qcS94d9Co,55,https://images.genius.com/c1d941b2bf2516ccf1cd9fe0a6c6d365.976x976x1.jpg,https://open.spotify.com/embed/artist/3ajf12ub55b51qcS94d9Co?utm_source=generator&theme=0
Blu DeTiger,5NyCIBCeU080ynEj33S4hC,51,https://images.genius.com/b0aae5d77eb04e6bc36b739242545853.400x400x1.jpg,https://open.spotify.com/embed/artist/5NyCIBCeU080ynEj33S4hC?utm_source=generator&theme=0
Jana Horn,1LrML89CKJhZjgji63Bvx1,37,https://images.genius.com/888814afd1bbd791d670b91855cc687f.1000x1000x1.jpg,https://open.spotify.com/embed/artist/1LrML89CKJhZjgji63Bvx1?utm_source=generator&theme=0
Jade Bird,7D8LuVnlyu91ndcPe70j7S,50,https://images.genius.com/8e9c27670494e80a0bbff0c990491ee9.1000x1000x1.jpg,https://open.spotify.com/embed/artist/7D8LuVnlyu91ndcPe70j7S?utm_source=generator&theme=0
Cornelia Murr,1FdUgjmEeGCpmAxXatjiEG,40,https://images.genius.com/37de1cbcd6d9e4b7e64a96fe00d9fc48.809x809x1.jpg,https://open.spotify.com/embed/artist/1FdUgjmEeGCpmAxXatjiEG?utm_source=generator&theme=0
Betty Who,0t3QQl52F463sxGXb1ckhB,59,https://images.genius.com/146d4faf3cac9e18ea049a1c8a43aeca.1000x1000x1.jpg,https://open.spotify.com/embed/artist/0t3QQl52F463sxGXb1ckhB?utm_source=generator&theme=0
Adrianne Lenker,4aKWmkWAKviFlyvHYPTNQY,56,https://images.genius.com/39b5073c83f17abfe2e6c1dc2fbc9230.799x799x1.png,https://open.spotify.com/embed/artist/4aKWmkWAKviFlyvHYPTNQY?utm_source=generator&theme=0
Faye Webster,5szilpXHcwOqnyKLqGco5j,65,https://images.genius.com/47c95c5f612887581f515c5debfca427.750x750x1.jpg,https://open.spotify.com/embed/artist/5szilpXHcwOqnyKLqGco5j?utm_source=generator&theme=0
Mia Joy,5a3lFI5IJGQbpMTdjrehHl,39,https://images.genius.com/d34ea480ad4244f366022cd6f9a42c9d.1000x1000x1.jpg,https://open.spotify.com/embed/artist/5a3lFI5IJGQbpMTdjrehHl?utm_source=generator&theme=0
Sharon Van Etten,2wJ4vsxWd7df7dRU4KcoDe,58,https://images.genius.com/5ce82e3eaff6d2b570708034a4aa56c9.874x874x1.jpg,https://open.spotify.com/embed/artist/2wJ4vsxWd7df7dRU4KcoDe?utm_source=generator&theme=0
Becca Mancari,5n9jfCRA7AFY1JfYc5ZYK5,39,https://images.genius.com/0b325faa77bdf122d132740975bf4c59.400x400x1.jpg,https://open.spotify.com/embed/artist/5n9jfCRA7AFY1JfYc5ZYK5?utm_source=generator&theme=0
Tierra Whack,4lPl9gqgox3JDiaJ1yklKh,61,https://images.genius.com/ca179ee275ceafa29ba14f685f7b3948.467x467x1.png,https://open.spotify.com/embed/artist/4lPl9gqgox3JDiaJ1yklKh?utm_source=generator&theme=0
girl in red,3uwAm6vQy7kWPS2bciKWx9,76,https://images.genius.com/71df2073af68fc0210094d53b426291a.640x640x1.jpg,https://open.spotify.com/embed/artist/3uwAm6vQy7kWPS2bciKWx9?utm_source=generator&theme=0
spill tab,3qqkHeEhezlIaNj1vFYH2r,54,https://images.genius.com/80f2ce38b359d6d009c658af7e5541e6.1000x1000x1.jpg,https://open.spotify.com/embed/artist/3qqkHeEhezlIaNj1vFYH2r?utm_source=generator&theme=0
Leith Ross,4nxKz1dRYXnsGzN1lUURtG,59,https://images.genius.com/06f9cb29fb6125ecd6e9179b5b48cd85.1000x1000x1.jpg,https://open.spotify.com/embed/artist/4nxKz1dRYXnsGzN1lUURtG?utm_source=generator&theme=0
Lauren Aquilina,22qLnGc8B1btqty6d0Qnlm,47,https://images.genius.com/62aedefdf2266b9a13da22d2914f3c0d.1000x1000x1.jpg,https://open.spotify.com/embed/artist/22qLnGc8B1btqty6d0Qnlm?utm_source=generator&theme=0
Shannon Lay,1Kssd2mp7BMKGZUUKncUt6,45,https://images.genius.com/ff8c96443f4d9a3d7433029b65b01b8a.1000x1000x1.jpg,https://open.spotify.com/embed/artist/1Kssd2mp7BMKGZUUKncUt6?utm_source=generator&theme=0
Lucy Dacus,07D1Bjaof0NFlU32KXiqUP,68,https://images.genius.com/d1e5378557504a50dada6968b57086b8.999x999x1.jpg,https://open.spotify.com/embed/artist/07D1Bjaof0NFlU32KXiqUP?utm_source=generator&theme=0
Rosie Darling,6kDXH8d9LugUAsHIozzDAI,62,https://images.genius.com/cef50fbc8fdefca5628c94ee6582cbf3.640x640x1.jpg,https://open.spotify.com/embed/artist/6kDXH8d9LugUAsHIozzDAI?utm_source=generator&theme=0
Tenci,5ptfrHC6idq4KnsXBk5tup,26,https://images.genius.com/a6bc36d55ba200edb8d08af22475074d.529x529x1.jpg,https://open.spotify.com/embed/artist/5ptfrHC6idq4KnsXBk5tup?utm_source=generator&theme=0
The Staves,5G49Sq5mMzAkGL4ZP6eVPY,54,https://images.genius.com/3336886182be46b03e461b354208bb66.1000x1000x1.jpg,https://open.spotify.com/embed/artist/5G49Sq5mMzAkGL4ZP6eVPY?utm_source=generator&theme=0
Annie DiRusso,58jk0945bnQBG9xfij6hHw,44,https://images.genius.com/22dfb4b095442416a137eb1ec1b065ca.985x985x1.jpg,https://open.spotify.com/embed/artist/58jk0945bnQBG9xfij6hHw?utm_source=generator&theme=0
Mereba,294lNTPZfdqyzt8qnxmFiL,61,https://images.genius.com/e2ca3fe77c65059322789765fc565e5d.1000x1000x1.jpg,https://open.spotify.com/embed/artist/294lNTPZfdqyzt8qnxmFiL?utm_source=generator&theme=0
Laura Stevenson,1lVadNivMiSkc2N6irhWdg,39,https://images.genius.com/1ecb4c4f5c21a8b74d09861b7389c7c9.1000x1000x1.jpg,https://open.spotify.com/embed/artist/1lVadNivMiSkc2N6irhWdg?utm_source=generator&theme=0
Mitski,2uYWxilOVlUdk4oV9DvwqK,80,https://images.genius.com/a2c069f036ef67e4fbcf8e87a0c6b0ac.522x522x1.png,https://open.spotify.com/embed/artist/2uYWxilOVlUdk4oV9DvwqK?utm_source=generator&theme=0
Miya Folick,1jFVu6Z7wmwywivOeBTSIV,46,https://images.genius.com/d793de48d1a65a18553da2b6c32b22ac.435x435x1.jpg,https://open.spotify.com/embed/artist/1jFVu6Z7wmwywivOeBTSIV?utm_source=generator&theme=0
Ashley Kutcher,1Zi1c8sWZTy5rDiN3lAuEj,58,https://images.genius.com/dfba24af239d79b7dca7252e4c5fac03.833x833x1.jpg,https://open.spotify.com/embed/artist/1Zi1c8sWZTy5rDiN3lAuEj?utm_source=generator&theme=0
Jack River,4xrDCETyApzUQ6xzcc6QtS,47,https://images.genius.com/60d08e975d12374f570d182e3521038f.497x497x1.jpg,https://open.spotify.com/embed/artist/4xrDCETyApzUQ6xzcc6QtS?utm_source=generator&theme=0
BENEE,0Cp8WN4V8Tu4QJQwCN5Md4,69,https://images.genius.com/681fe97d66ab6514a24d3e9e492874ce.1000x1000x1.png,https://open.spotify.com/embed/artist/0Cp8WN4V8Tu4QJQwCN5Md4?utm_source=generator&theme=0
Alex the Astronaut,42NjRVKqEGe2DkGvlUd5qM,36,https://images.genius.com/9e95cecd34cd864c65189a46626916ba.579x579x1.png,https://open.spotify.com/embed/artist/42NjRVKqEGe2DkGvlUd5qM?utm_source=generator&theme=0
Dora Jar,4V30Q8ACPdJCcAmAYibfrH,46,https://images.genius.com/847e470c77680d6c539f16f7657e14e4.1000x1000x1.jpg,https://open.spotify.com/embed/artist/4V30Q8ACPdJCcAmAYibfrH?utm_source=generator&theme=0
chloe moriondo,3P4vW5tzQvmuoNaFQqzy9q,62,https://images.genius.com/2f986debe4d17f4ee6be82679de88e0b.900x900x1.jpg,https://open.spotify.com/embed/artist/3P4vW5tzQvmuoNaFQqzy9q?utm_source=generator&theme=0
Vera Blue,5ujrA1eZLDHR7yQ6FZa2qA,56,https://images.genius.com/0f2f9acea0efcf236fb92fce0ca60445.1000x1000x1.jpg,https://open.spotify.com/embed/artist/5ujrA1eZLDHR7yQ6FZa2qA?utm_source=generator&theme=0
Okay Kaya,7d64ZVOXg02y73HB5UMqkb,54,https://images.genius.com/322d8c93b53f23a6dcdcb29138a8d1e7.1000x1000x1.jpg,https://open.spotify.com/embed/artist/7d64ZVOXg02y73HB5UMqkb?utm_source=generator&theme=0
